<?xml version="1.0" encoding="UTF-8"?>
<urn:PluginConfiguration isInheritExtendedContractAttributes="false" name="SampleIDF" xmlns:urn="urn:sourceid.org:saml2:adapter:conf">
    <urn:Fields/>
    <urn:AdvancedFields/>
    <urn:Tables>
        <urn:Table name="Connections">
            <urn:Row>
                <urn:Field name="Connection">http://httpbin.org</urn:Field>
            </urn:Row>
            <urn:Row>
                <urn:Field name="Connection">testconnect2</urn:Field>
            </urn:Row>
        </urn:Table>
    </urn:Tables>
</urn:PluginConfiguration>