<?xml version="1.0" encoding="UTF-8"?>
<urn:AdapterConfiguration isInheritTargetApplicationInfo="false" isInheritExtendedContractAttributes="false" name="RefID" xmlns:urn="urn:sourceid.org:saml2:adapter:conf">
    <urn:Fields>
        <urn:Field name="Authentication Endpoint"/>
        <urn:Field name="User Name">testapp</urn:Field>
        <urn:Field name="Pass Phrase">eyJhbGciOiJkaXIiLCJlbmMiOiJBMTI4Q0JDLUhTMjU2Iiwia2lkIjoiRW1JY1UxOVdueSIsInZlcnNpb24iOiI5LjMuMS4xIn0..1f7sY0ERy9W-tKTXJ1r9Jg.RAuGr3kCHAaeMY7Hywil-w.SE_TVW4sDEWT9fm_cRQ9dw</urn:Field>
        <urn:Field name="Allowed Subject DN"/>
        <urn:Field name="Allowed Issuer DN">cn=localhost*</urn:Field>
        <urn:Field name="Logout Service Endpoint"/>
        <urn:Field name="Account Linking Authentication Endpoint"/>
        <urn:Field name="Transport Mode">2</urn:Field>
        <urn:Field name="Reference Duration">3</urn:Field>
        <urn:Field name="Reference Length">30</urn:Field>
        <urn:Field name="Require SSL/TLS">true</urn:Field>
        <urn:Field name="Outgoing Attribute Format">JSON</urn:Field>
        <urn:Field name="Incoming Attribute Format">JSON</urn:Field>
        <urn:Field name="Logout Mode">FRONT</urn:Field>
        <urn:Field name="Skip Host Name Validation ">true</urn:Field>
    </urn:Fields>
    <urn:AdvancedFields>
        <urn:Field name="Transport Mode">2</urn:Field>
        <urn:Field name="Reference Duration">3</urn:Field>
        <urn:Field name="Reference Length">30</urn:Field>
        <urn:Field name="Require SSL/TLS">true</urn:Field>
        <urn:Field name="Outgoing Attribute Format">JSON</urn:Field>
        <urn:Field name="Incoming Attribute Format">JSON</urn:Field>
        <urn:Field name="Logout Mode">FRONT</urn:Field>
        <urn:Field name="Skip Host Name Validation ">true</urn:Field>
    </urn:AdvancedFields>
    <urn:Tables/>
    <urn:ExtendedContractAttributes/>
</urn:AdapterConfiguration>